id,created,modified,name,date,active,room_x_size,room_y_size,center_point_x,center_point_y,introduction_video_type,introduction_questions
24,2023-10-14 12:57:43.83723+00,2023-10-14 13:01:01.831554+00,movement 8 6 V,2023-10-14 12:57:11.462,f,20,20,,,,
39,2023-10-14 13:18:53.138705+00,2023-10-14 13:22:56.246613+00,movement 2 9 V,2023-10-14 13:18:15.172,f,20,20,,,,
1,2023-09-20 14:15:09.902639+00,2023-10-02 13:41:11.537245+00,test experiment,2023-09-20 14:15:16.142,f,20,20,,,,
25,2023-10-14 12:57:48.48785+00,2023-10-14 13:01:58.56391+00,movement 8 7.5 V,2023-10-14 12:57:11.462,f,20,20,,,,
2,2023-10-02 13:41:02.111631+00,2023-10-14 12:16:17.574971+00,my experiment,2023-10-02 13:40:32.04,f,20,20,,,,
47,2023-10-14 13:33:16.70022+00,2023-10-14 13:34:14.602902+00,movement 6.5perp 3 V,2023-10-14 13:31:58.741,f,20,20,,,,
3,2023-10-14 12:16:16.129754+00,2023-10-14 12:20:17.976597+00,stationary 1,2023-10-14 12:15:55.296,f,20,20,,,,
26,2023-10-14 12:57:53.311917+00,2023-10-14 13:02:47.798988+00,movement 8 9 V,2023-10-14 12:57:11.462,f,20,20,,,,
4,2023-10-14 12:20:09.39274+00,2023-10-14 12:23:31.238095+00,stationary 1 real,2023-10-14 12:19:49.232,f,20,20,,,,
40,2023-10-14 13:18:56.833692+00,2023-10-14 13:23:37.377499+00,movement 2 12 V,2023-10-14 13:18:15.172,f,20,20,,,,
5,2023-10-14 12:24:26.705317+00,2023-10-14 12:26:17.67919+00,stationary 2,2023-10-14 12:24:07.042,f,20,20,,,,
27,2023-10-14 12:57:57.993716+00,2023-10-14 13:03:42.810018+00,movement 8 12 V,2023-10-14 12:57:11.462,f,20,20,,,,
6,2023-10-14 12:27:02.844124+00,2023-10-14 12:29:04.950622+00,stationary 3,2023-10-14 12:26:43.423,f,20,20,,,,
7,2023-10-14 12:29:30.44857+00,2023-10-14 12:29:30.448571+00,stationary 4,2023-10-14 12:29:01.477,f,20,20,,,,
8,2023-10-14 12:30:15.258+00,2023-10-14 12:31:14.443889+00,stationary 5,2023-10-14 12:29:55.057,f,20,20,,,,
9,2023-10-14 12:31:33.274146+00,2023-10-14 12:33:08.209921+00,stationary 6,2023-10-14 12:31:11.028,f,20,20,,,,
11,2023-10-14 12:43:46.434554+00,2023-10-14 12:44:22.703083+00,movement 5 4.5 V,2023-10-14 12:43:24.932,f,20,20,,,,
12,2023-10-14 12:45:10.48236+00,2023-10-14 12:45:36.232338+00,movement 5 6 V,2023-10-14 12:44:47.75,f,20,20,,,,
13,2023-10-14 12:46:35.978273+00,2023-10-14 12:47:05.107502+00,movement 5 7.5 V,2023-10-14 12:46:09.751,f,20,20,,,,
14,2023-10-14 12:47:36.483465+00,2023-10-14 12:48:00.162002+00,movement 5 9 V,2023-10-14 12:47:07.15,f,20,20,,,,
28,2023-10-14 13:08:57.238263+00,2023-10-14 13:10:07.566453+00,movement 9 3 V,2023-10-14 13:08:36.538,f,20,20,,,,
15,2023-10-14 12:48:32.363875+00,2023-10-14 12:49:06.952686+00,movement 5 12 V,2023-10-14 12:48:02.362,f,20,20,,,,
16,2023-10-14 12:50:04.779639+00,2023-10-14 12:50:50.613955+00,movement 1 3 V,2023-10-14 12:49:44.297,f,20,20,,,,
17,2023-10-14 12:51:11.354343+00,2023-10-14 12:51:43.301068+00,movement 1 4.5 V,2023-10-14 12:50:51.189,f,20,20,,,,
34,2023-10-14 13:11:23.836745+00,2023-10-14 13:12:00.639457+00,movement 9 3 V real,2023-10-14 13:10:53.978,f,20,20,,,,
18,2023-10-14 12:52:28.200721+00,2023-10-14 12:52:50.132902+00,movement 1 6 V,2023-10-14 12:51:35.631,f,20,20,,,,
19,2023-10-14 12:53:31.141603+00,2023-10-14 12:53:52.199+00,movement 1 7.5 V,2023-10-14 12:52:47.447,f,20,20,,,,
29,2023-10-14 13:09:04.887235+00,2023-10-14 13:13:37.143727+00,movement 9 4.5 V,2023-10-14 13:08:36.538,f,20,20,,,,
20,2023-10-14 12:54:08.222196+00,2023-10-14 12:54:38.062934+00,movement 1 9 V,2023-10-14 12:53:46.688,f,20,20,,,,
21,2023-10-14 12:54:12.287902+00,2023-10-14 12:55:26.093169+00,movement 1 12 V,2023-10-14 12:53:46.688,f,20,20,,,,
30,2023-10-14 13:09:14.440755+00,2023-10-14 13:14:27.062796+00,movement 9 6 V,2023-10-14 13:08:36.538,f,20,20,,,,
22,2023-10-14 12:57:31.30266+00,2023-10-14 12:58:53.47643+00,movement 8 3 V,2023-10-14 12:57:11.462,f,20,20,,,,
23,2023-10-14 12:57:39.350284+00,2023-10-14 12:59:56.270742+00,movement 8 4.5 V,2023-10-14 12:57:11.462,f,20,20,,,,
31,2023-10-14 13:09:21.908777+00,2023-10-14 13:15:12.671663+00,movement 9 7.5 V,2023-10-14 13:08:36.538,f,20,20,,,,
58,2023-10-14 13:39:16.498002+00,2023-10-14 13:43:23.905316+00,movement 11perp 12 V,2023-10-14 13:38:33.822,f,20,20,,,,
32,2023-10-14 13:09:27.19047+00,2023-10-14 13:15:53.376727+00,movement 9 9 V,2023-10-14 13:08:36.538,f,20,20,,,,
41,2023-10-14 13:25:45.681602+00,2023-10-14 13:27:08.726962+00,movement 1perp 3 V,2023-10-14 13:25:04.49,f,20,20,,,,
33,2023-10-14 13:09:32.118671+00,2023-10-14 13:16:39.015227+00,movement 9 12 V,2023-10-14 13:08:36.538,f,20,20,,,,
10,2023-10-14 12:40:44.036771+00,2023-10-14 12:43:24.09945+00,movement 5 3 V,2023-10-14 12:39:29.548,f,20,20,,,,
48,2023-10-14 13:33:21.709689+00,2023-10-14 13:34:54.850214+00,movement 6.5perp 4.5 V,2023-10-14 13:31:58.741,f,20,20,,,,
35,2023-10-14 13:18:35.426795+00,2023-10-14 13:19:48.178066+00,movement 2 3 V,2023-10-14 13:18:15.172,f,20,20,,,,
53,2023-10-14 13:38:53.657915+00,2023-10-14 13:39:46.029986+00,movement 11perp 3 V,2023-10-14 13:38:33.822,f,20,20,,,,
36,2023-10-14 13:18:40.321449+00,2023-10-14 13:20:35.850895+00,movement 2 4.5 V,2023-10-14 13:18:15.172,f,20,20,,,,
49,2023-10-14 13:33:26.158609+00,2023-10-14 13:35:28.938752+00,movement 6.5perp 6 V,2023-10-14 13:31:58.741,f,20,20,,,,
37,2023-10-14 13:18:45.485095+00,2023-10-14 13:21:28.07636+00,movement 2 6 V,2023-10-14 13:18:15.172,f,20,20,,,,
42,2023-10-14 13:25:50.097875+00,2023-10-14 13:28:41.947494+00,movement 1perp 4.5 V,2023-10-14 13:25:04.49,f,20,20,,,,
38,2023-10-14 13:18:49.413151+00,2023-10-14 13:22:12.915093+00,movement 2 7.5 V,2023-10-14 13:18:15.172,f,20,20,,,,
43,2023-10-14 13:25:53.691734+00,2023-10-14 13:29:25.373319+00,movement 1perp 6 V,2023-10-14 13:25:04.49,f,20,20,,,,
50,2023-10-14 13:33:30.192884+00,2023-10-14 13:36:07.650204+00,movement 6.5perp 7.5 V,2023-10-14 13:31:58.741,f,20,20,,,,
44,2023-10-14 13:25:57.801391+00,2023-10-14 13:29:59.430365+00,movement 1perp 7.5 V,2023-10-14 13:25:04.49,f,20,20,,,,
54,2023-10-14 13:38:59.391874+00,2023-10-14 13:40:42.865027+00,movement 11perp 4.5 V,2023-10-14 13:38:33.822,f,20,20,,,,
45,2023-10-14 13:26:03.882377+00,2023-10-14 13:30:31.20461+00,movement 1perp 9 V,2023-10-14 13:25:04.49,f,20,20,,,,
51,2023-10-14 13:33:35.988378+00,2023-10-14 13:37:00.173607+00,movement 6.5perp 9 V,2023-10-14 13:31:58.741,f,20,20,,,,
46,2023-10-14 13:26:07.979376+00,2023-10-14 13:31:19.866129+00,movement 1perp 12 V,2023-10-14 13:25:04.49,f,20,20,,,,
52,2023-10-14 13:33:40.709392+00,2023-10-14 13:37:26.891779+00,movement 6.5perp 12 V,2023-10-14 13:31:58.741,f,20,20,,,,
55,2023-10-14 13:39:03.914592+00,2023-10-14 13:41:32.039427+00,movement 11perp 6 V,2023-10-14 13:38:33.822,f,20,20,,,,
56,2023-10-14 13:39:07.909679+00,2023-10-14 13:42:08.578218+00,movement 11perp 7.5 V,2023-10-14 13:38:33.822,f,20,20,,,,
57,2023-10-14 13:39:13.363697+00,2023-10-14 13:42:44.797276+00,movement 11perp 9 V,2023-10-14 13:38:33.822,f,20,20,,,,
60,2023-10-14 13:44:29.156599+00,2023-10-14 13:47:21.925229+00,movement diag 4.5 V,2023-10-14 13:44:04.046,f,20,20,,,,
62,2023-10-14 13:44:39.747015+00,2023-10-14 13:49:19.490809+00,movement diag 7.5 V,2023-10-14 13:44:04.046,f,20,20,,,,
59,2023-10-14 13:44:24.54872+00,2023-10-14 13:46:20.949641+00,movement diag 3 V,2023-10-14 13:44:04.046,f,20,20,,,,
64,2023-10-14 13:44:48.045898+00,2023-10-14 13:51:11.939124+00,movement diag 12 V,2023-10-14 13:44:04.046,f,20,20,,,,
61,2023-10-14 13:44:33.135907+00,2023-10-14 13:48:26.465723+00,movement diag 6 V,2023-10-14 13:44:04.046,f,20,20,,,,
63,2023-10-14 13:44:44.080168+00,2023-10-14 13:50:19.894868+00,movement diag 9 V,2023-10-14 13:44:04.046,f,20,20,,,,
