degree,interaction,aic,bic,mad,day
1,TRUE,-481541.118577973,-7.65629092854122,0.000393951515010363,14-10-2023
1,FALSE,-481541.118577973,-7.65629092854121,0.000393951515010363,14-10-2023
2,TRUE,-484623.442449921,-7.70444048343365,0.00040745837563725,14-10-2023
2,FALSE,-484372.659028299,-7.7007404897889,0.000398160810822563,14-10-2023
3,TRUE,-507773.53370995,-8.07140553837045,0.000346583127205714,14-10-2023
3,FALSE,-493533.148125542,-7.8458284661065,0.000370080403042584,14-10-2023
4,TRUE,-513287.798331747,-8.15765050585776,0.000375410887295373,14-10-2023
4,FALSE,-494148.203916066,-7.85503307347106,0.000385638829074081,14-10-2023
5,TRUE,-542453.877476975,-8.61970192771062,0.000327604528788169,14-10-2023
5,FALSE,-505230.454431991,-8.03067952547052,0.00039025593723661,14-10-2023
6,TRUE,-553708.033109142,-8.79664296706837,0.000391824705434395,14-10-2023
6,FALSE,-506103.785709211,-8.04399104491205,0.00040584073217118,14-10-2023
7,TRUE,-581877.372490006,-9.24226937608975,0.000525070516830715,14-10-2023
7,FALSE,-533133.27632491,-8.47321910389177,0.000309245485444316,14-10-2023
8,TRUE,-599345.748792985,-9.51744893834901,0.000724559312784309,14-10-2023
8,FALSE,-534264.500016306,-8.49063144406501,0.000324418326418333,14-10-2023
9,TRUE,-636231.411306672,-10.1011005141787,0.00166372885878082,14-10-2023
9,FALSE,-553117.694920297,-8.78984589612913,0.000263136999080798,14-10-2023
10,TRUE,-648143.301662,-10.2873492408217,0.00264647879043339,14-10-2023
10,FALSE,-554012.977348259,-8.8035064670708,0.000271474521810518,14-10-2023
11,TRUE,-660159.638614502,-10.4749710175838,0.00640725710158627,14-10-2023
11,FALSE,-555843.466447234,-8.8320380256574,0.000280656723975379,14-10-2023
12,TRUE,-670695.349857621,-10.6387611582519,0.0124392902024854,14-10-2023
12,FALSE,-556417.235851126,-8.84058612642876,0.000310997876400863,14-10-2023
13,TRUE,-685008.666037567,-10.8623322860008,0.0912906499344616,14-10-2023
13,FALSE,-571980.273764709,-9.08748285507336,0.0002786957662785,14-10-2023
14,TRUE,-701716.201177459,-11.1236867863908,0.0259323833428955,14-10-2023
14,FALSE,-573529.351573446,-9.11153961258124,0.000299204756909112,14-10-2023
15,TRUE,-604997.519765103,-9.5811309259244,0.0808698549810152,14-10-2023
15,FALSE,-585845.678776178,-9.30680946947205,0.000256086301122768,14-10-2023
1,TRUE,-206028.921597619,-7.63149575951548,0.00055864334443871,21-10-2023
1,FALSE,-206028.921597619,-7.63149575951548,0.00055864334443871,21-10-2023
2,TRUE,-207798.768214398,-7.69524393721334,0.000579333031054265,21-10-2023
2,FALSE,-206875.845333902,-7.66165806181102,0.000576737591363583,21-10-2023
3,TRUE,-217352.379160692,-8.04676795915566,0.000503181993383923,21-10-2023
3,FALSE,-210277.403473113,-7.78646800231662,0.000549416773481319,21-10-2023
4,TRUE,-219945.896664606,-8.13981693534599,0.000624612843866625,21-10-2023
4,FALSE,-211194.412221227,-7.81922691132663,0.000578809100454067,21-10-2023
5,TRUE,-228366.058729505,-8.44813166839871,0.000555284623425378,21-10-2023
5,FALSE,-214724.776652801,-7.94880904598447,0.000538995621539402,21-10-2023
6,TRUE,-232190.727417813,-8.58557833824135,0.000906850371169607,21-10-2023
6,FALSE,-215552.414297982,-7.97825681043027,0.000572061650229735,21-10-2023
7,TRUE,-246802.552428165,-9.12207468406975,0.000677688849308548,21-10-2023
7,FALSE,-229640.55644373,-8.49899813571364,0.000355993760983055,21-10-2023
8,TRUE,-252370.165019635,-9.32288065398048,0.00160548152523989,21-10-2023
8,FALSE,-229721.199179351,-8.50077019679316,0.000390961166672408,21-10-2023
9,TRUE,-267298.060516852,-9.86987151471536,0.00207193941333551,21-10-2023
9,FALSE,-236198.503005082,-8.73953462903747,0.000319538365660976,21-10-2023
10,TRUE,-276078.747004918,-10.1885041995152,0.00406807103177428,21-10-2023
10,FALSE,-236954.248921691,-8.76631884902136,0.000339993866759055,21-10-2023
11,TRUE,-293371.160832201,-10.8218833117058,0.00879806149360983,21-10-2023
11,FALSE,-237297.28442934,-8.77781240141381,0.000368576830194315,21-10-2023
12,TRUE,-297228.329618336,-10.9568869817617,0.0369472760975287,21-10-2023
12,FALSE,-238498.846078991,-8.82111382094722,0.000415369428514392,21-10-2023
13,TRUE,-302170.277263889,-11.131473191994,0.0610326203206432,21-10-2023
13,FALSE,-245620.240506874,-9.08374141506596,0.000390936748344863,21-10-2023
14,TRUE,,,,21-10-2023
14,FALSE,-246231.392813421,-9.10516853045713,0.000425099594241841,21-10-2023
15,TRUE,,,,21-10-2023
15,FALSE,-247484.916034947,-9.15039509436738,0.000510165041546344,21-10-2023
1,TRUE,-1611032.64701984,-7.09136013007962,0.000730335169328859,22-12-2023
1,FALSE,-1611032.64701984,-7.09136013007962,0.00073033516932886,22-12-2023
2,TRUE,-1622123.00864124,-7.13990600589402,0.000781780021259955,22-12-2023
2,FALSE,-1621078.59712555,-7.1353995721796,0.000753085601579438,22-12-2023
3,TRUE,-1656637.86522483,-7.29147347757394,0.000753680996174743,22-12-2023
3,FALSE,-1637137.27300516,-7.20590650516275,0.000700731032164482,22-12-2023
4,TRUE,-1666034.75447881,-7.33238288859258,0.000900649123862659,22-12-2023
4,FALSE,-1640356.87134486,-7.21989694620623,0.00073048044198646,22-12-2023
5,TRUE,-1743450.46272447,-7.67261419405618,0.00090155089070565,22-12-2023
5,FALSE,-1681070.05347408,-7.39893085080416,0.000738749299689037,22-12-2023
6,TRUE,-1772404.80595096,-7.79943185199755,0.00109166815682738,22-12-2023
6,FALSE,-1686578.22380905,-7.42299538481279,0.00078279475913699,22-12-2023
7,TRUE,-1832518.62923753,-8.06331983100132,0.00113341593750784,22-12-2023
7,FALSE,-1730616.93069695,-7.61666795738629,0.000690422217624584,22-12-2023
8,TRUE,-1858956.74528978,-8.1788793297329,0.00140487410503134,22-12-2023
8,FALSE,-1740242.73698213,-7.65885796328085,0.000725597636550533,22-12-2023
9,TRUE,-1906296.87174005,-8.38635666877617,0.00140403451006277,22-12-2023
9,FALSE,-1764817.97537587,-7.76685405661744,0.000645293595026488,22-12-2023
10,TRUE,-1922943.07866743,-8.45863109522409,0.00485371156091923,22-12-2023
10,FALSE,-1773498.31052365,-7.80488218158637,0.000682135093271198,22-12-2023
11,TRUE,-1957091.54213265,-8.60785794402138,0.0270379871401478,22-12-2023
11,FALSE,-1791995.44640878,-7.88612300139424,0.00066458893166035,22-12-2023
12,TRUE,-2004922.42368521,-8.81722262172645,0.0844616384145569,22-12-2023
12,FALSE,-1792562.55029521,-7.88843739476821,0.000713329431287375,22-12-2023
13,TRUE,-2083865.46991963,-9.16344934235377,0.0503503374919289,22-12-2023
13,FALSE,-1820696.13401995,-8.01209701179593,0.000696676752668946,22-12-2023
14,TRUE,-2136918.758939,-9.39562065101447,0.0901677996321444,22-12-2023
14,FALSE,-1842038.84842882,-8.10586381839696,0.000743332766093091,22-12-2023
15,TRUE,,,,22-12-2023
15,FALSE,-1847558.14617822,-8.12997733430681,0.000807482649472427,22-12-2023
1,TRUE,-1578395.06301877,-8.12390173402689,0.000310719625808857,16-11-2024
1,FALSE,-1578395.06301877,-8.12390173402689,0.000310719625808857,16-11-2024
2,TRUE,-1583813.57450993,-8.15147722475085,0.00032192817401796,16-11-2024
2,FALSE,-1580650.44887354,-8.13530096900993,0.000322541873875635,16-11-2024
3,TRUE,-1600659.52787991,-8.23776648732599,0.000318993396692445,16-11-2024
3,FALSE,-1594554.12790518,-8.20665549177874,0.000309203606548428,16-11-2024
4,TRUE,-1617326.76714891,-8.32303111962844,0.000350679117082281,16-11-2024
4,FALSE,-1600411.0595733,-8.23659235390032,0.000311678334319724,16-11-2024
5,TRUE,-1649504.21864085,-8.48802407649179,0.000350557141772706,16-11-2024
5,FALSE,-1606381.75937457,-8.26711479547639,0.000310716596391076,16-11-2024
6,TRUE,-1669685.15224847,-8.59116462204488,0.000398851644044133,16-11-2024
6,FALSE,-1612635.22492794,-8.29909266934497,0.000319207184296429,16-11-2024
7,TRUE,-1701821.31795723,-8.75573554472238,0.000534337741781068,16-11-2024
7,FALSE,-1628492.48198597,-8.38050251361073,0.000307193538427747,16-11-2024
8,TRUE,-1731934.33089076,-8.90978827014377,0.000964317345282384,16-11-2024
8,FALSE,-1630490.9383545,-8.39057929893925,0.000340319973355907,16-11-2024
9,TRUE,-1783914.27946369,-9.17628820657756,0.00212598383468842,16-11-2024
9,FALSE,-1640994.2032863,-8.44443144579331,0.000338342010910917,16-11-2024
10,TRUE,-1820177.47817508,-9.36178721136111,0.0041706678231352,16-11-2024
10,FALSE,-1646878.36378569,-8.47450845826911,0.000370492801080019,16-11-2024
11,TRUE,-1880285.91229114,-9.6699159946759,0.00563769571030049,16-11-2024
11,FALSE,-1658348.12714346,-8.53333529887386,0.000375504453853807,16-11-2024
12,TRUE,-1923452.22401522,-9.89073669373085,0.00787318644294674,16-11-2024
12,FALSE,-1679762.06591853,-8.64334611037317,0.000372290408094877,16-11-2024
13,TRUE,,,,16-11-2024
13,FALSE,-1734778.53398671,-8.92631353306909,0.000473306301467757,16-11-2024
14,TRUE,,,,16-11-2024
14,FALSE,,,,16-11-2024
15,TRUE,,,,16-11-2024
15,FALSE,,,,16-11-2024
1,FALSE,-969249.437553552,-7.6257621380408,0.000498412413646697,average
1,TRUE,-969249.437553552,-7.6257621380408,0.000498412413646697,average
2,FALSE,-973244.387590323,-7.65827477319736,0.000512631469410305,average
2,TRUE,-974589.698453871,-7.67276691282297,0.000522624900492357,average
3,FALSE,-983875.488127249,-7.76121461634115,0.000482357953809203,average
3,TRUE,-995605.826493848,-7.91185336560651,0.000480609878364206,average
4,FALSE,-986527.636763864,-7.78268732122606,0.000501651676458583,average
4,TRUE,-1004148.80415602,-7.98822036235619,0.000562837993026734,average
5,FALSE,-1001851.76098336,-7.91138355443388,0.000494679363714031,average
5,TRUE,-1040943.65439295,-8.30711796666432,0.000533749296172976,average
6,FALSE,-1005217.41218604,-7.93608397737502,0.000519976081458584,average
6,TRUE,-1056997.1796816,-8.44320444483804,0.000697298719368879,average
7,FALSE,-1030470.81136289,-8.24234692765061,0.000415713750619926,average
7,TRUE,-1090754.96802823,-8.7958498589708,0.000717628261357044,average
8,FALSE,-1033679.84363307,-8.26020972576957,0.000445324275749295,average
8,TRUE,-1110651.74749829,-8.98224929805154,0.00117480807208448,average
9,FALSE,-1048782.09414689,-8.43516650689434,0.000391577742669795,average
9,TRUE,-1148435.15575682,-9.38340422606195,0.00181642165421688,average
10,FALSE,-1052835.97514482,-8.46230398898691,0.000416024070730198,average
10,TRUE,-1166835.65137736,-9.57406793673053,0.00393473230156553,average
11,FALSE,-1060871.0811072,-8.50732718183483,0.000422331734920963,average
11,TRUE,-1197727.06346762,-9.89365706699671,0.0119702503614111,average
12,FALSE,-1066810.17453596,-8.54837086312934,0.000452996786074376,average
12,TRUE,-1224074.5817941,-10.0759018638677,0.0354303477893795,average
13,FALSE,-1093268.79556956,-8.77740870375109,0.000459903892190016,average
13,TRUE,-1023681.4710737,-10.3857516067829,0.0675578692490112,average
14,FALSE,-887266.530938564,-8.77419065381177,0.000489212372414682,average
14,TRUE,-1419317.48005823,-10.2596537187026,0.05805009148752,average
15,FALSE,-893629.580329782,-8.86239396604875,0.000524577997380513,average
15,TRUE,-604997.519765103,-9.5811309259244,0.0808698549810152,average
