experiment,tag,bin_size,Hz,day
stationary 2,1,0.272994819082744,3.66307317977672,14-10-2023
stationary 2,2,0.277379946847075,3.60516328367212,14-10-2023
stationary 2,3,0.274895833805203,3.63774156253172,14-10-2023
stationary 2,4,0.275522193460489,3.62947168589307,14-10-2023
stationary 2,5,0.264811557741021,3.77627022223091,14-10-2023
stationary 2,6,0.277115485173824,3.60860382584806,14-10-2023
stationary 2,7,0.273067357626604,3.66210010852859,14-10-2023
stationary 2,8,0.273103626898533,3.66161376674625,14-10-2023
stationary 2,9,0.275091384160612,3.6351556521892,14-10-2023
stationary 2,10,0.492070093333164,2.03223080115729,14-10-2023
stationary 2,11,0.273179220843625,3.66060052778475,14-10-2023
stationary 2,17,0.282594086021505,3.53864447086801,14-10-2023
stationary 2,18,0.272795865702075,3.66574470410823,14-10-2023
stationary 2,19,0.282257372828016,3.54286582483469,14-10-2023
stationary 2,20,0.284991869758461,3.50887202798988,14-10-2023
stationary 2,26,0.272444444109303,3.67047308771254,14-10-2023
stationary 2,27,0.279795212948576,3.57404256299336,14-10-2023
stationary 2,28,0.275869109867755,3.62490748050543,14-10-2023
stationary 2,29,0.284829268287514,3.51087514991814,14-10-2023
stationary 2,35,0.271708763137306,3.68041129205191,14-10-2023
stationary 2,36,0.269450127926019,3.71126192329945,14-10-2023
stationary 2,37,0.269022959227465,3.71715485872148,14-10-2023
stationary 2,38,0.272038659484116,3.67594812405105,14-10-2023
stationary 2,44,0.273316883111929,3.65875678302126,14-10-2023
stationary 2,45,0.27540314135127,3.63104064497406,14-10-2023
stationary 2,46,0.275426701101333,3.63073004905246,14-10-2023
stationary 2,47,0.274290909085955,3.64576428483318,14-10-2023
stationary 2,53,0.273628571745637,3.65458911553137,14-10-2023
stationary 2,54,0.276041884696921,3.62263864810932,14-10-2023
stationary 2,55,0.270871465187759,3.69178790872945,14-10-2023
stationary 2,56,0.271451030809855,3.6839057012109,14-10-2023
stationary 2,62,0.274150648984042,3.64762951941146,14-10-2023
stationary 2,63,0.272886010649291,3.66453376492497,14-10-2023
stationary 2,64,0.268846938804704,3.71958856755449,14-10-2023
stationary 2,65,0.275701570261211,3.62711028106426,14-10-2023
stationary 2,71,0.271172236660759,3.68769315146011,14-10-2023
stationary 2,72,0.273615584435401,3.65476258256077,14-10-2023
stationary 2,73,0.272291989905582,3.67252815753689,14-10-2023
stationary 2,74,0.272700258003649,3.66702990059738,14-10-2023
stationary 2,80,0.272743523429712,3.66644819801819,14-10-2023
stationary 2,81,0.276480314925587,3.61689402831136,14-10-2023
stationary 2,82,0.274785900240467,3.63919691339655,14-10-2023
stationary 2,83,0.274710182732764,3.64019997384951,14-10-2023
stationary 2,89,0.270945876529536,3.69077401290877,14-10-2023
stationary 2,90,0.267416243625776,3.73948862059182,14-10-2023
stationary 2,91,0.280103723419474,3.57010605854187,14-10-2023
stationary 2,92,0.291480555136998,3.4307605854874,14-10-2023
stationary 2,93,0.272126614893438,3.67476000240399,14-10-2023
stationary 2,94,0.266956742483241,3.74592524128803,14-10-2023
stationary 2,95,0.269887468089228,3.70524799495095,14-10-2023
stationary 2,96,0.279169312229863,3.58205560637201,14-10-2023
stationary 2,97,0.275005221678134,3.63629459069108,14-10-2023
stationary 2,98,0.273020725176124,3.6627256020762,14-10-2023
stationary 2,99,0.276624672056183,3.61500654503044,14-10-2023
stationary 3,1,0.271284722067692,3.68616408759826,14-10-2023
stationary 3,2,0.277869668617068,3.59880948855235,14-10-2023
stationary 3,3,0.271027777481962,3.68965871059675,14-10-2023
stationary 3,4,0.271363425585959,3.68509498964603,14-10-2023
stationary 3,5,0.271913953160131,3.67763400288288,14-10-2023
stationary 3,6,0.2759788238301,3.62346641717565,14-10-2023
stationary 3,7,0.273974298873794,3.64997740339377,14-10-2023
stationary 3,8,0.271900232319489,3.67781958650546,14-10-2023
stationary 3,9,0.276535377749857,3.61617384414576,14-10-2023
stationary 3,10,0.489464434619728,2.04304936021943,14-10-2023
stationary 3,11,0.277883886161009,3.59862536045213,14-10-2023
stationary 3,16,0.27077367179113,3.6931212454488,14-10-2023
stationary 3,18,0.269259174482538,3.71389387909177,14-10-2023
stationary 3,19,0.283861650425254,3.52284290076486,14-10-2023
stationary 3,20,0.272706294115329,3.66694873414654,14-10-2023
stationary 3,25,0.272190255521345,3.67390080914039,14-10-2023
stationary 3,27,0.277111110957802,3.60866078788259,14-10-2023
stationary 3,28,0.275464788848805,3.63022803814273,14-10-2023
stationary 3,29,0.27179118320173,3.67929521561329,14-10-2023
stationary 3,34,0.27205336398149,3.67574943887861,14-10-2023
stationary 3,36,0.271511574034338,3.68308424256541,14-10-2023
stationary 3,37,0.271812065018302,3.67901255572547,14-10-2023
stationary 3,38,0.281282973804062,3.55513875040509,14-10-2023
stationary 3,43,0.278165876582901,3.59497725703956,14-10-2023
stationary 3,45,0.278854762372516,3.58609618674585,14-10-2023
stationary 3,46,0.272453488305558,3.67035124497469,14-10-2023
stationary 3,47,0.269694252671867,3.70790252329436,14-10-2023
stationary 3,52,0.274030373475262,3.64923051163259,14-10-2023
stationary 3,54,0.276418439603585,3.61770365766522,14-10-2023
stationary 3,55,0.274906323162677,3.63760276044376,14-10-2023
stationary 3,56,0.268018264748734,3.73108900222712,14-10-2023
stationary 3,61,0.273617716102333,3.65473410949019,14-10-2023
stationary 3,63,0.274042055985638,3.64907494363715,14-10-2023
stationary 3,64,0.270856813250183,3.69198761515491,14-10-2023
stationary 3,65,0.278586698541166,3.58954682774359,14-10-2023
stationary 3,70,0.306010444232752,3.26786231923313,14-10-2023
stationary 3,72,0.266543181917884,3.75173730877152,14-10-2023
stationary 3,73,0.270787037081189,3.69293896332333,14-10-2023
stationary 3,74,0.271784722253128,3.67938268093173,14-10-2023
stationary 3,79,0.271287037266625,3.68613262939351,14-10-2023
stationary 3,81,0.26941055059433,3.71180712037432,14-10-2023
stationary 3,82,0.275992924874684,3.62328128684479,14-10-2023
stationary 3,83,0.270697459337618,3.69416101077176,14-10-2023
stationary 3,88,0.273778554720756,3.6525870370671,14-10-2023
stationary 3,90,0.277191489019011,3.60761437351136,14-10-2023
stationary 3,91,0.277179668981133,3.60776821646348,14-10-2023
stationary 3,92,0.282655421797051,3.53787659066383,14-10-2023
stationary 3,93,0.272741258839072,3.66647864080601,14-10-2023
stationary 3,94,0.274597189744686,3.6416978663539,14-10-2023
stationary 3,95,0.273011628417082,3.66284764424867,14-10-2023
stationary 3,96,0.271210647843502,3.68717086866381,14-10-2023
stationary 3,97,0.27287209311197,3.66472067038993,14-10-2023
stationary 3,98,0.274629108222997,3.64127461386215,14-10-2023
stationary 3,99,0.276127059038948,3.62152120650715,14-10-2023
stationary 5,1,0.274569948720191,3.64205917166515,14-10-2023
stationary 5,2,0.272302563985189,3.67238554556685,14-10-2023
stationary 5,3,0.272302563985189,3.67238554556685,14-10-2023
stationary 5,4,0.277654450601308,3.60159903014099,14-10-2023
stationary 5,5,0.270758974857819,3.69332170992714,14-10-2023
stationary 5,6,0.274248705009105,3.6463253307497,14-10-2023
stationary 5,7,0.266527638363479,3.7519561053411,14-10-2023
stationary 5,8,0.271855670152251,3.67842244908836,14-10-2023
stationary 5,9,0.272386598832829,3.67125256633396,14-10-2023
stationary 5,10,0.478372725573453,2.09042018188065,14-10-2023
stationary 5,12,0.275838541487853,3.62530919213129,14-10-2023
stationary 5,15,0.271091835839408,3.68878685299985,14-10-2023
stationary 5,18,0.27986315802524,3.57317485822773,14-10-2023
stationary 5,19,0.279349205985902,3.57974885402204,14-10-2023
stationary 5,21,0.276333333303531,3.61881785322503,14-10-2023
stationary 5,24,0.275264249564453,3.63287278163542,14-10-2023
stationary 5,27,0.270663265062838,3.69462771302872,14-10-2023
stationary 5,28,0.268406091002643,3.72569786424911,14-10-2023
stationary 5,30,0.274056995470907,3.64887602406105,14-10-2023
stationary 5,33,0.268852791810399,3.71950759099881,14-10-2023
stationary 5,36,0.274880828017398,3.63794014741802,14-10-2023
stationary 5,37,0.275203124930461,3.63367966934489,14-10-2023
stationary 5,39,0.274259068187654,3.64618755036306,14-10-2023
stationary 5,42,0.276020833601554,3.62291493345584,14-10-2023
stationary 5,45,0.275968750317891,3.62359868227141,14-10-2023
stationary 5,46,0.2684568535858,3.72499337097533,14-10-2023
stationary 5,48,0.275750000029802,3.62647325436781,14-10-2023
stationary 5,51,0.265944999456406,3.76017598392153,14-10-2023
stationary 5,54,0.276000000536442,3.62318839875497,14-10-2023
stationary 5,55,0.27087179452945,3.69178342003887,14-10-2023
stationary 5,57,0.27691099406537,3.61126867994245,14-10-2023
stationary 5,60,0.270897958959852,3.69142685253012,14-10-2023
stationary 5,63,0.271183673216372,3.68753763137547,14-10-2023
stationary 5,64,0.268269035416811,3.72760128073035,14-10-2023
stationary 5,66,0.270765305781851,3.6932353541841,14-10-2023
stationary 5,69,0.279873016650084,3.5730489918943,14-10-2023
stationary 5,72,0.270397958706836,3.69825277077699,14-10-2023
stationary 5,73,0.276489583154519,3.61677278612388,14-10-2023
stationary 5,75,0.270989796336816,3.69017584247744,14-10-2023
stationary 5,78,0.273030927500774,3.662588737304,14-10-2023
stationary 5,81,0.273139175680495,3.6611372114916,14-10-2023
stationary 5,82,0.276340313606861,3.61872644258,14-10-2023
stationary 5,84,0.267939085887773,3.73219157886823,14-10-2023
stationary 5,87,0.948690912940285,1.05408409246874,14-10-2023
stationary 5,90,0.279428571620315,3.57873210388374,14-10-2023
stationary 5,91,0.278600000080309,3.58937544763726,14-10-2023
stationary 5,92,0.285999999175201,3.49650350658711,14-10-2023
stationary 5,93,0.26493467278217,3.77451539090244,14-10-2023
stationary 5,94,0.267530302808742,3.73789432262894,14-10-2023
stationary 5,95,0.270556122672801,3.69609081517389,14-10-2023
stationary 5,96,0.270132652350834,3.70188494910734,14-10-2023
stationary 5,97,0.271357143411831,3.68518030307508,14-10-2023
stationary 5,98,0.276261779026211,3.61975515948995,14-10-2023
stationary 5,99,0.277727748711072,3.6006484935012,14-10-2023
stationary 6,1,0.27581437048084,3.62562689629497,14-10-2023
stationary 6,2,0.292178343815409,3.42256714492083,14-10-2023
stationary 6,3,0.269596491640771,3.70924708223751,14-10-2023
stationary 6,4,0.273672619036266,3.65400091365181,14-10-2023
stationary 6,5,0.276000000045685,3.62318840519737,14-10-2023
stationary 6,6,0.277975903936179,3.59743411511521,14-10-2023
stationary 6,7,0.271846153326994,3.67855122377669,14-10-2023
stationary 6,8,0.272201183984971,3.67375330760947,14-10-2023
stationary 6,9,0.270752941860872,3.69340400561134,14-10-2023
stationary 6,10,0.4849784938238,2.06194710226329,14-10-2023
stationary 6,13,0.275640718951197,3.62791101331097,14-10-2023
stationary 6,14,0.274434522503898,3.64385643204125,14-10-2023
stationary 6,18,0.276692771049867,3.61411682786528,14-10-2023
stationary 6,19,0.276580837672342,3.61557947548294,14-10-2023
stationary 6,22,0.271550297031741,3.68255903576902,14-10-2023
stationary 6,23,0.276915662259941,3.61120780182271,14-10-2023
stationary 6,27,0.271573963955309,3.68223811088372,14-10-2023
stationary 6,28,0.276301205876362,3.61923863787795,14-10-2023
stationary 6,31,0.278793940399632,3.58687853317962,14-10-2023
stationary 6,32,0.267023122379546,3.74499403305832,14-10-2023
stationary 6,36,0.264959769687433,3.77415787000297,14-10-2023
stationary 6,37,0.280823169684992,3.56095973534425,14-10-2023
stationary 6,40,0.277072288903845,3.60916641630314,14-10-2023
stationary 6,41,0.272544378359642,3.6691272299164,14-10-2023
stationary 6,45,0.274190476962498,3.64709967712253,14-10-2023
stationary 6,46,0.270823529187371,3.6924413584026,14-10-2023
stationary 6,49,0.272178571848642,3.6740585168332,14-10-2023
stationary 6,50,0.274329342528018,3.64525351457024,14-10-2023
stationary 6,54,0.275538922783857,3.62925132281379,14-10-2023
stationary 6,55,0.267924418283063,3.73239589884449,14-10-2023
stationary 6,58,0.273440475974764,3.65710305482459,14-10-2023
stationary 6,59,0.263603448867798,3.79357707304323,14-10-2023
stationary 6,63,0.267825581306635,3.73377328304982,14-10-2023
stationary 6,64,0.265838150344143,3.76168732255111,14-10-2023
stationary 6,67,0.271153846435998,3.68794325857382,14-10-2023
stationary 6,68,0.268261626709339,3.7277042276475,14-10-2023
stationary 6,72,0.27155882470748,3.6824433935343,14-10-2023
stationary 6,73,0.282496932094083,3.53986145119254,14-10-2023
stationary 6,76,0.270776470969705,3.6930830674423,14-10-2023
stationary 6,77,0.271349112663043,3.68528936831934,14-10-2023
stationary 6,81,0.276383232927608,3.61816449358173,14-10-2023
stationary 6,82,0.274815475656873,3.63880526600537,14-10-2023
stationary 6,85,0.289723270344284,3.4515694884007,14-10-2023
stationary 6,86,0.284981366270077,3.50900135362639,14-10-2023
stationary 6,90,0.275101797309464,3.63501805433533,14-10-2023
stationary 6,91,0.270852940222796,3.69204040826519,14-10-2023
stationary 6,92,0.298614378848107,3.34880056297845,14-10-2023
stationary 6,93,0.279024242632317,3.58391797990738,14-10-2023
stationary 6,94,0.277283132794392,3.60642203484303,14-10-2023
stationary 6,95,0.271189349642872,3.68746044531946,14-10-2023
stationary 6,96,0.264275861882615,3.78392484609198,14-10-2023
stationary 6,97,0.270941176133997,3.69083804192773,14-10-2023
stationary 6,98,0.264586207510411,3.77948650237428,14-10-2023
stationary 6,99,0.280749999895328,3.56188780186226,14-10-2023
STATIONARY 2,1,0.155766454218806,6.4198675190699,21-10-2023
STATIONARY 2,2,0.151367768275836,6.60642626492126,21-10-2023
STATIONARY 2,3,0.510028369037818,1.9606752500582,21-10-2023
STATIONARY 2,4,0.183919799656498,5.43715250814581,21-10-2023
STATIONARY 2,5,0.150262295222673,6.65502945045597,21-10-2023
STATIONARY 2,6,0.169136258250847,5.9123928265984,21-10-2023
STATIONARY 2,7,0.150418891064685,6.64810113225717,21-10-2023
STATIONARY 2,8,0.155128963905964,6.44624946123009,21-10-2023
STATIONARY 2,9,0.154557894656533,6.47006742827506,21-10-2023
STATIONARY 2,10,0.150224948953266,6.65668390615393,21-10-2023
STATIONARY 2,11,0.149307536010587,6.6975855788625,21-10-2023
STATIONARY 2,17,0.14798993939605,6.75721609239803,21-10-2023
STATIONARY 2,18,0.232224683218364,4.30617446061789,21-10-2023
STATIONARY 2,19,0.155347457881701,6.43718290363986,21-10-2023
STATIONARY 2,20,0.151192946058091,6.61406518010292,21-10-2023
STATIONARY 2,26,0.14881135919273,6.71991711805326,21-10-2023
STATIONARY 2,27,0.151789256363861,6.58808155435491,21-10-2023
STATIONARY 2,28,0.1499469387288,6.66902577990367,21-10-2023
STATIONARY 2,29,0.14951020406217,6.68850668937738,21-10-2023
STATIONARY 2,35,0.176846154034138,5.65463244288006,21-10-2023
STATIONARY 2,36,0.150590163762452,6.64053995968452,21-10-2023
STATIONARY 2,37,0.144440079016395,6.92328615997567,21-10-2023
STATIONARY 2,38,0.15122268027866,6.61276468686632,21-10-2023
STATIONARY 2,44,0.148862068841714,6.71762798798201,21-10-2023
STATIONARY 2,45,0.152833333114783,6.54307525472186,21-10-2023
STATIONARY 2,46,0.149058823653215,6.70876084683518,21-10-2023
STATIONARY 2,47,0.153386221549207,6.51949040728664,21-10-2023
STATIONARY 2,49,0.156238297705955,6.40047936186575,21-10-2023
STATIONARY 2,50,0.152738045753907,6.54715722637442,21-10-2023
STATIONARY 2,51,0.146774450937907,6.81317486531121,21-10-2023
STATIONARY 2,53,0.149287168945654,6.69849932222932,21-10-2023
STATIONARY 2,54,0.149985655897953,6.66730424328294,21-10-2023
STATIONARY 2,55,0.154945147691397,6.45389684607416,21-10-2023
STATIONARY 2,56,0.154046121633278,6.49156232820064,21-10-2023
STATIONARY 2,62,0.159556521540103,6.26737152670166,21-10-2023
STATIONARY 2,63,0.150190573735315,6.65820747021265,21-10-2023
STATIONARY 2,64,0.149202840081577,6.70228528795598,21-10-2023
STATIONARY 2,65,0.152195426381799,6.57049967777211,21-10-2023
STATIONARY 2,71,0.151997925334946,6.57903716643748,21-10-2023
STATIONARY 2,72,0.154415966582899,6.47601424988097,21-10-2023
STATIONARY 2,73,0.153751046088949,6.50402078839499,21-10-2023
STATIONARY 2,74,0.146796406862027,6.81215583798244,21-10-2023
STATIONARY 2,80,0.152985416849454,6.53657074375954,21-10-2023
STATIONARY 2,81,0.153882352744832,6.49847095630389,21-10-2023
STATIONARY 2,82,0.146955912003297,6.80476196138038,21-10-2023
STATIONARY 2,83,0.166624145790222,6.00153114218506,21-10-2023
STATIONARY 2,89,0.153263047741948,6.52472996415758,21-10-2023
STATIONARY 2,90,0.156993589849554,6.36968681943191,21-10-2023
STATIONARY 2,91,0.142300387685613,7.02738774127108,21-10-2023
STATIONARY 2,92,0.150680328001742,6.63656638701,21-10-2023
STATIONARY 2,93,0.147018000125885,6.80188819834132,21-10-2023
STATIONARY 2,94,0.152238589104775,6.56863680805509,21-10-2023
STATIONARY 2,95,0.152408713621717,6.56130464090149,21-10-2023
STATIONARY 2,96,0.144478346888475,6.9214523943295,21-10-2023
STATIONARY 2,97,0.149551934477268,6.68664035336835,21-10-2023
STATIONARY 2,98,0.151396694262166,6.60516403527512,21-10-2023
STATIONARY 2,99,0.146049701906815,6.84698419061504,21-10-2023
stationarity 1 - 22-12-2023,1,0.144809473690234,6.90562554035056,22-12-2023
stationarity 1 - 22-12-2023,2,0.144278825953821,6.93102396272662,22-12-2023
stationarity 1 - 22-12-2023,3,0.144729473716334,6.90944266100195,22-12-2023
stationarity 1 - 22-12-2023,4,0.145571428631979,6.86947987938011,22-12-2023
stationarity 1 - 22-12-2023,5,0.144287211840008,6.93062113577221,22-12-2023
stationarity 1 - 22-12-2023,6,0.144004184082462,6.94424267163906,22-12-2023
stationarity 1 - 22-12-2023,7,0.145385835185868,6.87824916864533,22-12-2023
stationarity 1 - 22-12-2023,8,0.145936373309138,6.85230129627581,22-12-2023
stationarity 1 - 22-12-2023,9,0.144482142785016,6.92127055097709,22-12-2023
stationarity 1 - 22-12-2023,10,0.142167355403427,7.03396357878577,22-12-2023
stationarity 1 - 22-12-2023,11,0.144044979097454,6.94227599091425,22-12-2023
stationarity 1 - 22-12-2023,12,0.144667718187366,6.91239215306383,22-12-2023
stationarity 1 - 22-12-2023,13,0.144031413562635,6.94292984610007,22-12-2023
stationarity 1 - 22-12-2023,14,0.151116611671658,6.61740618015427,22-12-2023
stationarity 1 - 22-12-2023,15,0.151481848214195,6.60145101072444,22-12-2023
stationarity 1 - 22-12-2023,16,0.149703260867492,6.67988121437874,22-12-2023
stationarity 1 - 22-12-2023,17,0.14366457679055,6.96065809916326,22-12-2023
stationarity 1 - 22-12-2023,24,0.145424947174105,6.87639926595805,22-12-2023
stationarity 1 - 22-12-2023,25,0.142131198289966,7.03575296649419,22-12-2023
stationarity 1 - 22-12-2023,32,0.145104430395843,6.89158833587655,22-12-2023
stationarity 1 - 22-12-2023,33,0.145036919710505,6.89479618014507,22-12-2023
stationarity 1 - 22-12-2023,40,0.144624605790548,6.91445272769312,22-12-2023
stationarity 1 - 22-12-2023,41,0.145832627254017,6.85717605744124,22-12-2023
stationarity 1 - 22-12-2023,42,0.143728601409896,6.95755743944188,22-12-2023
stationarity 1 - 22-12-2023,43,0.144709779135687,6.91038301608042,22-12-2023
stationarity 1 - 22-12-2023,44,0.144419727145312,6.92426180111683,22-12-2023
stationarity 1 - 22-12-2023,45,0.145554497380736,6.87027895389751,22-12-2023
stationarity 1 - 22-12-2023,46,0.144279874345791,6.93097359929306,22-12-2023
stationarity 1 - 22-12-2023,47,0.143718162757619,6.95806278630561,22-12-2023
stationarity 1 - 22-12-2023,48,0.145277719185496,6.88336797691024,22-12-2023
stationarity 1 - 22-12-2023,49,0.145099051508687,6.89184381015838,22-12-2023
stationarity 1 - 22-12-2023,56,0.144385099661188,6.92592242791388,22-12-2023
stationarity 1 - 22-12-2023,57,0.145023182395638,6.89544928942396,22-12-2023
stationarity 1 - 22-12-2023,64,0.144674369767934,6.91207434740552,22-12-2023
stationarity 1 - 22-12-2023,65,0.145658898404089,6.86535468108365,22-12-2023
stationarity 1 - 22-12-2023,72,0.149595652196718,6.68468625468473,22-12-2023
stationarity 1 - 22-12-2023,73,0.0885347939029183,11.2949943848803,22-12-2023
stationarity 1 - 22-12-2023,74,0.141986584146695,7.04291892089497,22-12-2023
stationarity 1 - 22-12-2023,75,0.144596638549276,6.91579009050905,22-12-2023
stationarity 1 - 22-12-2023,76,0.148345905131307,6.74100170891039,22-12-2023
stationarity 1 - 22-12-2023,77,0.143854602360825,6.9514633775271,22-12-2023
stationarity 1 - 22-12-2023,78,0.150451365976386,6.6466661403191,22-12-2023
stationarity 1 - 22-12-2023,79,0.146679829380683,6.817569970065,22-12-2023
stationarity 1 - 22-12-2023,80,0.151542951619573,6.59878924960074,22-12-2023
stationarity 1 - 22-12-2023,81,0.440990385336754,2.26762313476828,22-12-2023
stationarity 1 - 22-12-2023,82,0.146378723357586,6.83159394386243,22-12-2023
stationarity 1 - 22-12-2023,83,0.144624605790548,6.91445272769312,22-12-2023
stationarity 1 - 22-12-2023,84,0.146294367807451,6.83553314448971,22-12-2023
stationarity 1 - 22-12-2023,85,0.144592436922698,6.91599105238552,22-12-2023
stationarity 1 - 22-12-2023,86,0.145087552724508,6.89239001707332,22-12-2023
stationarity 1 - 22-12-2023,87,0.146915507954072,6.80663337673388,22-12-2023
stationarity 1 - 22-12-2023,88,0.145937433930495,6.8522514961875,22-12-2023
stationarity 2 - 22-12-2023,1,0.146365333345201,6.83221892195954,22-12-2023
stationarity 2 - 22-12-2023,2,0.144062117328794,6.94145010875894,22-12-2023
stationarity 2 - 22-12-2023,3,0.146366548071552,6.83216221995713,22-12-2023
stationarity 2 - 22-12-2023,4,0.146741532811932,6.81470324616025,22-12-2023
stationarity 2 - 22-12-2023,5,0.145166666839909,6.88863374608448,22-12-2023
stationarity 2 - 22-12-2023,6,0.145112874646666,6.89118730805168,22-12-2023
stationarity 2 - 22-12-2023,7,0.147867924440903,6.76279188864695,22-12-2023
stationarity 2 - 22-12-2023,8,0.145903368790944,6.85385134206761,22-12-2023
stationarity 2 - 22-12-2023,9,0.143902097965454,6.94916901239388,22-12-2023
stationarity 2 - 22-12-2023,16,0.143478639872051,6.96967855906469,22-12-2023
stationarity 2 - 22-12-2023,17,0.144666373100079,6.91245642349937,22-12-2023
stationarity 2 - 22-12-2023,18,0.143899475361084,6.94929566275848,22-12-2023
stationarity 2 - 22-12-2023,19,0.144865316824174,6.90296353828928,22-12-2023
stationarity 2 - 22-12-2023,20,0.14347776809566,6.96972090709744,22-12-2023
stationarity 2 - 22-12-2023,21,0.147773788048078,6.76709999255518,22-12-2023
stationarity 2 - 22-12-2023,22,0.146358540898116,6.83253600277504,22-12-2023
stationarity 2 - 22-12-2023,23,0.147793351265084,6.76620424017849,22-12-2023
stationarity 2 - 22-12-2023,24,0.146489759693163,6.82641573100126,22-12-2023
stationarity 2 - 22-12-2023,25,0.143958005379504,6.94647023876016,22-12-2023
stationarity 2 - 22-12-2023,32,0.146670525347879,6.81800244205959,22-12-2023
stationarity 2 - 22-12-2023,33,0.145093474438582,6.89210871728971,22-12-2023
stationarity 2 - 22-12-2023,40,0.146590382736491,6.82172992069735,22-12-2023
stationarity 2 - 22-12-2023,41,0.147176049882754,6.79458377090999,22-12-2023
stationarity 2 - 22-12-2023,42,0.143919580257856,6.9483248784379,22-12-2023
stationarity 2 - 22-12-2023,43,0.144498683152437,6.92047829214513,22-12-2023
stationarity 2 - 22-12-2023,44,0.146213143799275,6.83933040502038,22-12-2023
stationarity 2 - 22-12-2023,45,0.148071942355135,6.75347391338734,22-12-2023
stationarity 2 - 22-12-2023,46,0.147701077230101,6.770431324899,22-12-2023
stationarity 2 - 22-12-2023,47,0.143095652124156,6.98833252552185,22-12-2023
stationarity 2 - 22-12-2023,48,0.145641909775536,6.86615550112743,22-12-2023
stationarity 2 - 22-12-2023,49,0.14272916648123,7.00627646509453,22-12-2023
stationarity 2 - 22-12-2023,56,0.143213912922403,6.98256181675467,22-12-2023
stationarity 2 - 22-12-2023,57,0.145644818501097,6.86601837464249,22-12-2023
stationarity 2 - 22-12-2023,64,0.144396491218031,6.92537603625043,22-12-2023
stationarity 2 - 22-12-2023,65,0.146103907647819,6.84444390365303,22-12-2023
stationarity 2 - 22-12-2023,66,0.142503896110502,7.01735199734168,22-12-2023
stationarity 2 - 22-12-2023,67,0.145565870902266,6.86974215729046,22-12-2023
stationarity 2 - 22-12-2023,68,0.150286757891581,6.65394618946677,22-12-2023
stationarity 2 - 22-12-2023,69,0.143957167863846,6.94651065201419,22-12-2023
stationarity 2 - 22-12-2023,70,0.148779385128677,6.72136129030993,22-12-2023
stationarity 2 - 22-12-2023,71,0.145248896867326,6.88473387108354,22-12-2023
stationarity 2 - 22-12-2023,72,0.148425608524016,6.73738184363376,22-12-2023
stationarity 2 - 22-12-2023,73,0.0930927077412537,10.741979949487,22-12-2023
stationarity 2 - 22-12-2023,75,,,22-12-2023
stationarity 2 - 22-12-2023,80,0.15167188930072,6.59317955759949,22-12-2023
stationarity 2 - 22-12-2023,81,0.34787076257043,2.87463077555286,22-12-2023
stationarity 2 - 22-12-2023,82,0.149685792367098,6.68066076403259,22-12-2023
stationarity 2 - 22-12-2023,83,0.145047577047138,6.89428958661624,22-12-2023
stationarity 2 - 22-12-2023,84,0.144741424889342,6.90887215435747,22-12-2023
stationarity 2 - 22-12-2023,85,0.147061662230777,6.79986874098258,22-12-2023
stationarity 2 - 22-12-2023,86,0.146586821106854,6.8218956687181,22-12-2023
stationarity 2 - 22-12-2023,87,0.145186067047994,6.88771326569121,22-12-2023
stationarity 2 - 22-12-2023,88,0.146078083508821,6.84565388578374,22-12-2023
stationarity 3 - 22-12-2023,1,0.145382113788401,6.87842523362582,22-12-2023
stationarity 3 - 22-12-2023,2,0.145242779693879,6.88502383462814,22-12-2023
stationarity 3 - 22-12-2023,3,0.14232183915129,7.02632853793429,22-12-2023
stationarity 3 - 22-12-2023,4,0.148691597627691,6.7253295811906,22-12-2023
stationarity 3 - 22-12-2023,5,0.142617360588932,7.01176908526806,22-12-2023
stationarity 3 - 22-12-2023,6,0.14158311347324,7.06298919036703,22-12-2023
stationarity 3 - 22-12-2023,7,0.144119068886835,6.93870705468699,22-12-2023
stationarity 3 - 22-12-2023,8,0.145883952933663,6.85476352875304,22-12-2023
stationarity 3 - 22-12-2023,9,0.145853127767471,6.85621224108589,22-12-2023
stationarity 3 - 22-12-2023,16,0.148161913565572,6.74937287143928,22-12-2023
stationarity 3 - 22-12-2023,17,0.145508137361482,6.8724678779698,22-12-2023
stationarity 3 - 22-12-2023,24,0.14199911737905,7.042297293515,22-12-2023
stationarity 3 - 22-12-2023,25,0.141719823786866,7.05617586361039,22-12-2023
stationarity 3 - 22-12-2023,26,0.144534591073296,6.91875898062965,22-12-2023
stationarity 3 - 22-12-2023,27,0.143727678486279,6.95760211625115,22-12-2023
stationarity 3 - 22-12-2023,28,0.144132497807966,6.93806057071418,22-12-2023
stationarity 3 - 22-12-2023,29,0.14634545434605,6.83314698409006,22-12-2023
stationarity 3 - 22-12-2023,30,0.146515013631416,6.82523910154131,22-12-2023
stationarity 3 - 22-12-2023,31,0.147148994684655,6.79583304081031,22-12-2023
stationarity 3 - 22-12-2023,32,0.147350732441787,6.78652887181993,22-12-2023
stationarity 3 - 22-12-2023,33,0.145966455056682,6.85088912799639,22-12-2023
stationarity 3 - 22-12-2023,40,0.145461607754715,6.87466621217505,22-12-2023
stationarity 3 - 22-12-2023,41,0.14430134520937,6.92994232693451,22-12-2023
stationarity 3 - 22-12-2023,42,0.146736554047577,6.81493446871983,22-12-2023
stationarity 3 - 22-12-2023,43,0.1445615454397,6.91746893655838,22-12-2023
stationarity 3 - 22-12-2023,44,0.144391928232304,6.92559488776378,22-12-2023
stationarity 3 - 22-12-2023,45,0.144550359506401,6.91800424028497,22-12-2023
stationarity 3 - 22-12-2023,46,0.145094594439945,6.89205551633355,22-12-2023
stationarity 3 - 22-12-2023,47,0.143935599352678,6.94755157513015,22-12-2023
stationarity 3 - 22-12-2023,48,0.144392280219059,6.92557800515989,22-12-2023
stationarity 3 - 22-12-2023,49,0.14419175625702,6.93520923774252,22-12-2023
stationarity 3 - 22-12-2023,56,0.142478761208796,7.01858993941243,22-12-2023
stationarity 3 - 22-12-2023,57,0.147133455198033,6.79655078210497,22-12-2023
stationarity 3 - 22-12-2023,58,0.142480530992018,7.01850275990352,22-12-2023
stationarity 3 - 22-12-2023,59,0.144427289012519,6.92389926334021,22-12-2023
stationarity 3 - 22-12-2023,60,0.148834412677987,6.71887624647375,22-12-2023
stationarity 3 - 22-12-2023,61,0.144846084630779,6.90388009140224,22-12-2023
stationarity 3 - 22-12-2023,62,0.143860589616314,6.9511740683607,22-12-2023
stationarity 3 - 22-12-2023,63,0.144418834036241,6.92430462185462,22-12-2023
stationarity 3 - 22-12-2023,64,0.143789991083904,6.954586981068,22-12-2023
stationarity 3 - 22-12-2023,65,0.144911791160233,6.90074970430992,22-12-2023
stationarity 3 - 22-12-2023,66,,,22-12-2023
stationarity 3 - 22-12-2023,72,0.151266917474288,6.61083081943531,22-12-2023
stationarity 3 - 22-12-2023,73,0.0951725767295693,10.5072283882938,22-12-2023
stationarity 3 - 22-12-2023,80,0.151109859305368,6.61770187992276,22-12-2023
stationarity 3 - 22-12-2023,81,0.312976284460588,3.19513026913043,22-12-2023
stationarity 3 - 22-12-2023,82,0.146711030002062,6.81612009666857,22-12-2023
stationarity 3 - 22-12-2023,83,0.145535262109574,6.87118699279285,22-12-2023
stationarity 3 - 22-12-2023,84,0.148290322563066,6.7435283888786,22-12-2023
stationarity 3 - 22-12-2023,85,0.146677595452967,6.81767380295415,22-12-2023
stationarity 3 - 22-12-2023,86,0.14610798562287,6.84425287048426,22-12-2023
stationarity 3 - 22-12-2023,87,0.147301006404392,6.7888198757764,22-12-2023
stationarity 3 - 22-12-2023,88,0.145986400727024,6.84995311220717,22-12-2023
stationarity 4 - 22-12-2023,1,0.1442113617807,6.9342663965734,22-12-2023
stationarity 4 - 22-12-2023,2,0.146684523747892,6.81735178633235,22-12-2023
stationarity 4 - 22-12-2023,3,0.144010016635583,6.94396142270089,22-12-2023
stationarity 4 - 22-12-2023,4,0.144406197658136,6.92491053858627,22-12-2023
stationarity 4 - 22-12-2023,5,0.144626152585358,6.91437877675548,22-12-2023
stationarity 4 - 22-12-2023,6,0.144532271622612,6.91887001272005,22-12-2023
stationarity 4 - 22-12-2023,7,0.144682886016449,6.91166749249328,22-12-2023
stationarity 4 - 22-12-2023,8,0.145594936684717,6.86837071927494,22-12-2023
stationarity 4 - 22-12-2023,9,0.145512647612702,6.87225486173278,22-12-2023
stationarity 4 - 22-12-2023,16,0.146140558854894,6.84272735670132,22-12-2023
stationarity 4 - 22-12-2023,17,0.144936134434548,6.89959066385611,22-12-2023
stationarity 4 - 22-12-2023,24,0.148185407654922,6.74830279057363,22-12-2023
stationarity 4 - 22-12-2023,25,0.14457753557971,6.91670387097357,22-12-2023
stationarity 4 - 22-12-2023,32,0.142386457528288,7.02313982213742,22-12-2023
stationarity 4 - 22-12-2023,33,0.143847500085831,6.95180659659238,22-12-2023
stationarity 4 - 22-12-2023,34,0.146143220238766,6.84260274521265,22-12-2023
stationarity 4 - 22-12-2023,35,0.143969115112381,6.94593419720201,22-12-2023
stationarity 4 - 22-12-2023,36,0.146601529271297,6.82121124500296,22-12-2023
stationarity 4 - 22-12-2023,37,0.143781666755676,6.95498962116825,22-12-2023
stationarity 4 - 22-12-2023,38,0.144417573418079,6.9243650639737,22-12-2023
stationarity 4 - 22-12-2023,39,0.148819672228243,6.71954174489991,22-12-2023
stationarity 4 - 22-12-2023,40,0.145935702243231,6.85233280567153,22-12-2023
stationarity 4 - 22-12-2023,41,0.144545226041196,6.91824993040582,22-12-2023
stationarity 4 - 22-12-2023,42,0.143419650273954,6.97254524111474,22-12-2023
stationarity 4 - 22-12-2023,43,0.144906800900258,6.90098735040266,22-12-2023
stationarity 4 - 22-12-2023,44,0.145672297356902,6.86472320505777,22-12-2023
stationarity 4 - 22-12-2023,45,0.14526094270475,6.88416295103186,22-12-2023
stationarity 4 - 22-12-2023,46,0.144414225781812,6.92452557624655,22-12-2023
stationarity 4 - 22-12-2023,47,0.145381634237391,6.87844792256992,22-12-2023
stationarity 4 - 22-12-2023,48,0.144094402628734,6.93989483114447,22-12-2023
stationarity 4 - 22-12-2023,49,0.14631271200665,6.83467612817232,22-12-2023
stationarity 4 - 22-12-2023,50,0.143708576072166,6.95852695317107,22-12-2023
stationarity 4 - 22-12-2023,51,0.145731418922141,6.86193826558613,22-12-2023
stationarity 4 - 22-12-2023,52,0.148193298951047,6.74794344331541,22-12-2023
stationarity 4 - 22-12-2023,53,0.145109335648302,6.89135537374162,22-12-2023
stationarity 4 - 22-12-2023,54,0.145655405279752,6.86551932679295,22-12-2023
stationarity 4 - 22-12-2023,55,0.145583122390232,6.86892809813163,22-12-2023
stationarity 4 - 22-12-2023,56,0.144458123986645,6.92242133846656,22-12-2023
stationarity 4 - 22-12-2023,57,0.145734797257024,6.86177919633263,22-12-2023
stationarity 4 - 22-12-2023,64,0.145016806666591,6.89575245094942,22-12-2023
stationarity 4 - 22-12-2023,65,0.145151514998991,6.88935282561087,22-12-2023
stationarity 4 - 22-12-2023,72,0.14974826388061,6.67787374681865,22-12-2023
stationarity 4 - 22-12-2023,73,0.0973502538060308,10.2721868809144,22-12-2023
stationarity 4 - 22-12-2023,80,0.151341228108657,6.60758481014862,22-12-2023
stationarity 4 - 22-12-2023,81,0.295718480474179,3.38159454355548,22-12-2023
stationarity 4 - 22-12-2023,82,0.146695578382129,6.81683804671392,22-12-2023
stationarity 4 - 22-12-2023,83,0.146266101780584,6.83685411606931,22-12-2023
stationarity 4 - 22-12-2023,84,0.148098797322958,6.75224929625394,22-12-2023
stationarity 4 - 22-12-2023,85,0.146895229917978,6.80757299306704,22-12-2023
stationarity 4 - 22-12-2023,86,0.145810490533987,6.85821710315768,22-12-2023
stationarity 4 - 22-12-2023,87,0.147075873811532,6.79921168635338,22-12-2023
stationarity 4 - 22-12-2023,88,0.150285091624638,6.65401996425344,22-12-2023
rec e 1,1,0.13437373744805,7.4419303875254,16-11-2024
rec e 1,2,0.132343966818716,7.55606790424982,16-11-2024
rec e 1,3,0.130917695324117,7.63838683169812,16-11-2024
rec e 1,4,0.131488275856807,7.60524079796297,16-11-2024
rec e 1,5,0.131133241640342,7.62583146341099,16-11-2024
rec e 1,6,0.133475524395496,7.49201027326134,16-11-2024
rec e 1,7,0.131308115496104,7.61567551420437,16-11-2024
rec e 1,8,0.130776712339218,7.64662134498477,16-11-2024
rec e 1,9,0.131849447666611,7.58440795693403,16-11-2024
rec e 1,10,0.132710306425281,7.53520978842006,16-11-2024
rec e 1,11,0.131900414721435,7.58147729946062,16-11-2024
rec e 1,12,0.128705880221199,7.76965277951065,16-11-2024
rec e 1,45,0.131736187974392,7.59092862315392,16-11-2024
rec e 1,47,0.13174171276514,7.59061028592157,16-11-2024
rec e 1,49,0.135443181815472,7.3831697291518,16-11-2024
rec e 1,51,0.134122362619714,7.45587820306571,16-11-2024
rec e 1,53,0.13331983242621,7.50075950293055,16-11-2024
rec e 1,55,0.134313642727172,7.4452600621612,16-11-2024
rec e 1,78,0.132420833243264,7.55168182760901,16-11-2024
rec e 1,79,0.133059972167181,7.51540815553128,16-11-2024
rec e 1,80,0.132823119920608,7.52880974786411,16-11-2024
rec e 1,81,0.131104395612256,7.62750932438241,16-11-2024
rec e 1,82,0.133259776584263,7.50413985099006,16-11-2024
rec e 1,83,0.131617931168655,7.59774896262883,16-11-2024
rec e 1,84,0.134201125253605,7.45150234851058,16-11-2024
rec e 1,85,0.132662030353997,7.53795187162135,16-11-2024
rec e 1,86,0.13317433760256,7.50895418743784,16-11-2024
rec e 1,87,0.132554166515668,7.54408575970185,16-11-2024
rec e 1,88,0.13081481492732,7.64439410441086,16-11-2024
rec e 2,12,0.132342761844248,7.55613670188389,16-11-2024
rec e 2,13,0.133207705352374,7.5070732384039,16-11-2024
rec e 2,14,0.131471074711193,7.60623583702146,16-11-2024
rec e 2,15,0.130778325210847,7.64652704022439,16-11-2024
rec e 2,16,0.132631666660309,7.53967755348473,16-11-2024
rec e 2,17,0.133050167440969,7.51596198060909,16-11-2024
rec e 2,18,0.131933664998803,7.57956659514519,16-11-2024
rec e 2,19,0.130434426323312,7.66668760838696,16-11-2024
rec e 2,20,0.132399334487026,7.55290805557628,16-11-2024
rec e 2,21,0.132161129352658,7.56652129788936,16-11-2024
rec e 2,22,0.13507993205064,7.40302415628333,16-11-2024
rec e 2,45,0.134578680225637,7.43059746405138,16-11-2024
rec e 2,47,0.132112956522311,7.56928030621373,16-11-2024
rec e 2,49,0.131144975319726,7.62514917221986,16-11-2024
rec e 2,51,0.132488332986832,7.54783442025339,16-11-2024
rec e 2,53,0.132152823910761,7.56699683296419,16-11-2024
rec e 2,55,0.130932454811486,7.63752578716852,16-11-2024
rec e 2,67,0.131383471055464,7.61130751049989,16-11-2024
rec e 2,68,0.13319430518989,7.50782849592811,16-11-2024
rec e 2,69,0.133023411135211,7.51747373989346,16-11-2024
rec e 2,70,0.130350245586589,7.67163878748293,16-11-2024
rec e 2,71,0.133194304790529,7.50782851843909,16-11-2024
rec e 2,72,0.133871838375047,7.46983093784419,16-11-2024
rec e 2,73,0.132619365427848,7.54037690328153,16-11-2024
rec e 2,74,0.1328712374869,7.52608328870718,16-11-2024
rec e 2,75,0.133538590581625,7.48847202628481,16-11-2024
rec e 2,76,0.131212871066808,7.6212035592975,16-11-2024
rec e 2,77,0.133594957720332,7.48531244789496,16-11-2024
rec e 3,23,1.07390721802859,0.931179140257327,16-11-2024
rec e 3,24,0.0706179554465558,14.1607045074649,16-11-2024
rec e 3,25,0.133481389535568,7.49168107613636,16-11-2024
rec e 3,26,0.133483271321104,7.4915754618751,16-11-2024
rec e 3,27,0.130546666636611,7.66009600830017,16-11-2024
rec e 3,28,0.133155940782906,7.50999162425938,16-11-2024
rec e 3,29,0.132638717550238,7.53927675470206,16-11-2024
rec e 3,30,0.131976715782109,7.5770941417498,16-11-2024
rec e 3,31,0.131205128226088,7.62165331127024,16-11-2024
rec e 3,32,0.13172738388873,7.59143596782201,16-11-2024
rec e 3,33,0.133215080232939,7.50665764154786,16-11-2024
rec e 3,45,0.132239557894208,7.5620337508993,16-11-2024
rec e 3,47,0.132214723774261,7.56345414076098,16-11-2024
rec e 3,49,0.134114570368272,7.45631140042467,16-11-2024
rec e 3,51,0.132500615067148,7.54713477739879,16-11-2024
rec e 3,53,0.133165636522366,7.50944482461917,16-11-2024
rec e 3,55,0.132611316068586,7.5408345957656,16-11-2024
rec e 3,56,0.133414603696011,7.49543132683232,16-11-2024
rec e 3,57,0.132650246173877,7.53862151668534,16-11-2024
rec e 3,58,0.131663814150617,7.59510125429035,16-11-2024
rec e 3,59,0.131561660650158,7.6009986120436,16-11-2024
rec e 3,60,0.131191230430092,7.62246071419287,16-11-2024
rec e 3,61,0.132254299719152,7.56119084312226,16-11-2024
rec e 3,62,0.131342682896591,7.61367118400744,16-11-2024
rec e 3,63,0.132925925725772,7.52298691575798,16-11-2024
rec e 3,64,0.133211371925175,7.50686661016976,16-11-2024
rec e 3,65,0.132044226004392,7.57322020250047,16-11-2024
rec e 3,66,0.131592909397881,7.59919363874255,16-11-2024
rec e 4,34,0.129916075555427,7.69727684372179,16-11-2024
rec e 4,35,0.130035460981635,7.69020998157749,16-11-2024
rec e 4,36,0.129995271951031,7.69258746869426,16-11-2024
rec e 4,37,0.129041031404788,7.74947308707651,16-11-2024
rec e 4,38,0.130170414151525,7.68223721586959,16-11-2024
rec e 4,39,0.129127934505122,7.74425769166416,16-11-2024
rec e 4,40,0.130514828194361,7.66196465056683,16-11-2024
rec e 4,41,0.128789227237746,7.76462458427513,16-11-2024
rec e 4,42,0.127524361809556,7.84163892930039,16-11-2024
rec e 4,43,0.131210023861796,7.62136893636496,16-11-2024
rec e 4,44,0.129396470855264,7.72818604240409,16-11-2024
rec e 4,45,0.128393232196465,7.78857251969338,16-11-2024
rec e 4,46,0.130413507115784,7.66791739687036,16-11-2024
rec e 4,47,0.129761792297633,7.70642869748833,16-11-2024
rec e 4,48,0.128995310659286,7.75221978914639,16-11-2024
rec e 4,49,0.127633410650727,7.83493910333975,16-11-2024
rec e 4,50,0.128768150086146,7.76589552098868,16-11-2024
rec e 4,51,0.129014067744873,7.75109271011833,16-11-2024
rec e 4,52,0.129767688659002,7.70607853413923,16-11-2024
rec e 4,53,0.128980046986414,7.75313719730101,16-11-2024
rec e 4,54,0.130069739993301,7.68818327807457,16-11-2024
rec e 4,55,0.129107981220657,7.74545454545455,16-11-2024
rec e 5,1,0.131778378357758,7.58849829890266,16-11-2024
rec e 5,6,0.130097976507851,7.68651463183713,16-11-2024
rec e 5,11,0.128970432936075,7.75371515187248,16-11-2024
rec e 5,12,0.131895134900067,7.58178078939506,16-11-2024
rec e 5,17,0.130894962486602,7.63971340839304,16-11-2024
rec e 5,22,0.129442796616231,7.72542023303759,16-11-2024
rec e 5,23,21.9599999586741,0.0455373407050032,16-11-2024
rec e 5,24,0.1320043244233,7.57550939614133,16-11-2024
rec e 5,28,0.13012260109631,7.68506002473662,16-11-2024
rec e 5,33,0.131148227687553,7.62496007481242,16-11-2024
rec e 5,34,0.132081168812591,7.57110198970827,16-11-2024
rec e 5,39,0.12940360151105,7.72776018845664,16-11-2024
rec e 5,44,0.131799136073234,7.58730314775623,16-11-2024
rec e 5,45,0.131189043872723,7.62258775946399,16-11-2024
rec e 5,50,0.129722635500236,7.70875488417117,16-11-2024
rec e 5,55,0.131480603382505,7.60568459737583,16-11-2024
rec e 5,56,0.130747323373145,7.64834012812682,16-11-2024
rec e 5,61,0.131218279561689,7.62088943202366,16-11-2024
rec e 5,66,0.130558288798613,7.65941411458378,16-11-2024
rec e 5,67,0.129931842430204,7.69634280016596,16-11-2024
rec e 5,72,0.13128817183997,7.61683239232639,16-11-2024
rec e 5,77,0.13085959271986,7.64177833061706,16-11-2024
rec e 5,78,0.130141639861817,7.68393575693215,16-11-2024
rec e 5,83,0.130434829200435,7.66666392810875,16-11-2024
rec e 5,88,0.129520678697184,7.72077486049913,16-11-2024
rec e 6,2,0.1317005288664,7.59298393565622,16-11-2024
rec e 6,6,0.128580578595154,7.77722429721351,16-11-2024
rec e 6,10,0.129315680308753,7.73301426101157,16-11-2024
rec e 6,13,0.13170264561971,7.59286189958163,16-11-2024
rec e 6,17,0.130225941227071,7.6789615845919,16-11-2024
rec e 6,21,0.132341489386051,7.55620935384002,16-11-2024
rec e 6,24,0.130224083605861,7.6790711234845,16-11-2024
rec e 6,28,0.130529349954873,7.66111223526144,16-11-2024
rec e 6,32,0.129904911186752,7.6979383678758,16-11-2024
rec e 6,35,0.130594963291885,7.65726315007235,16-11-2024
rec e 6,39,0.130300523348504,7.67456625884292,16-11-2024
rec e 6,43,0.132477103457791,7.54847421855515,16-11-2024
rec e 6,46,0.131540740734686,7.60220745614452,16-11-2024
rec e 6,50,0.131042105273197,7.63113503034159,16-11-2024
rec e 6,54,0.13044700942785,7.66594806876808,16-11-2024
rec e 6,57,0.130741596722803,7.6486751352761,16-11-2024
rec e 6,61,0.130470649751227,7.6645590552874,16-11-2024
rec e 6,65,0.131573995626502,7.60028602337723,16-11-2024
rec e 6,68,0.12963437512517,7.7140033192156,16-11-2024
rec e 6,72,0.129485952246326,7.72284547205295,16-11-2024
rec e 6,76,0.130501574008938,7.66274282585675,16-11-2024
rec e 6,79,0.13100737615933,7.63315798939295,16-11-2024
rec e 6,83,0.129326403512776,7.73237307183919,16-11-2024
rec e 6,87,0.130745798098941,7.64842935329561,16-11-2024
rec e 7,3,0.131344756109568,7.61355100591755,16-11-2024
rec e 7,6,0.128760935937643,7.76633062440837,16-11-2024
rec e 7,9,0.129783589778802,7.70513438335584,16-11-2024
rec e 7,14,0.130039054345251,7.6899974783346,16-11-2024
rec e 7,17,0.130876939077289,7.64076549352561,16-11-2024
rec e 7,20,0.129644830980955,7.713381184838,16-11-2024
rec e 7,25,0.130763429748125,7.64739806784042,16-11-2024
rec e 7,28,0.130258496340468,7.67704240486712,16-11-2024
rec e 7,31,0.130987577556823,7.63431173132577,16-11-2024
rec e 7,36,0.131518172326489,7.60351198857552,16-11-2024
rec e 7,39,0.129917864437221,7.697170857386,16-11-2024
rec e 7,42,0.131561330599002,7.60101768085636,16-11-2024
rec e 7,47,0.131206217454505,7.62159003895333,16-11-2024
rec e 7,50,0.129433537797206,7.72597285849344,16-11-2024
rec e 7,53,0.12905612259495,7.7485669016925,16-11-2024
rec e 7,58,0.131072538998461,7.62936315753939,16-11-2024
rec e 7,61,0.13004209446956,7.6898177015603,16-11-2024
rec e 7,64,0.131883333126704,7.58245925616145,16-11-2024
rec e 7,69,0.12946673498671,7.7239918045562,16-11-2024
rec e 7,72,0.130593395085527,7.65735510088463,16-11-2024
rec e 7,75,0.13094829378848,7.63660198288108,16-11-2024
rec e 7,80,0.130335736348381,7.67249280985416,16-11-2024
rec e 7,83,0.128743641737883,7.76737387960459,16-11-2024
rec e 7,86,0.130590299334688,7.65753662480787,16-11-2024
rec e 8,4,0.130933400720929,7.63747061096652,16-11-2024
rec e 8,6,0.129697000026703,7.71027857077738,16-11-2024
rec e 8,8,0.130563380252907,7.65911542779418,16-11-2024
rec e 8,15,0.132549540380414,7.54434905719044,16-11-2024
rec e 8,17,0.130109328085346,7.68584401069267,16-11-2024
rec e 8,19,0.131016161465886,7.63264614694411,16-11-2024
rec e 8,26,0.131125379018523,7.6262887282769,16-11-2024
rec e 8,28,0.130893037489998,7.63982576289755,16-11-2024
rec e 8,30,0.130140421263791,7.68400770712909,16-11-2024
rec e 8,37,0.130899091782171,7.63947240874751,16-11-2024
rec e 8,39,0.131006060465418,7.6332346492014,16-11-2024
rec e 8,41,0.13046378269042,7.66496248520492,16-11-2024
rec e 8,48,0.130287437103502,7.67533710257568,16-11-2024
rec e 8,50,0.131220647680615,7.62075189899959,16-11-2024
rec e 8,52,0.129523476401528,7.72060809192581,16-11-2024
rec e 8,59,0.129746999979019,7.7073072992956,16-11-2024
rec e 8,61,0.129828828949112,7.70244951059338,16-11-2024
rec e 8,63,0.129238047685281,7.73765944248235,16-11-2024
rec e 8,70,0.130237951814889,7.67825342816608,16-11-2024
rec e 8,72,0.131409321150157,7.60981025735106,16-11-2024
rec e 8,74,0.130280401958293,7.67575157098557,16-11-2024
rec e 8,81,0.13064149043111,7.65453606430889,16-11-2024
rec e 8,83,0.129853853830943,7.70096512731847,16-11-2024
rec e 8,85,0.130809475817988,7.6447061174026,16-11-2024
rec e 9,5,0.13085550949628,7.64201678515054,16-11-2024
rec e 9,6,0.129294963926843,7.73425328898206,16-11-2024
rec e 9,7,0.129390946386282,7.72851600462532,16-11-2024
rec e 9,16,0.129305241409333,7.73363855247264,16-11-2024
rec e 9,17,0.130698544815523,7.65119459754863,16-11-2024
rec e 9,18,0.128971282029763,7.75366410461226,16-11-2024
rec e 9,27,0.131147028134439,7.62502981748776,16-11-2024
rec e 9,28,0.131603556447448,7.59857884539253,16-11-2024
rec e 9,29,0.130309844634694,7.67401728398471,16-11-2024
rec e 9,38,0.131316284048284,7.61520177979078,16-11-2024
rec e 9,39,0.130178903719755,7.68173622165975,16-11-2024
rec e 9,40,0.131083333492279,7.62873489221192,16-11-2024
rec e 9,49,0.13046784222868,7.66472398805549,16-11-2024
rec e 9,50,0.131071950148741,7.62939743297631,16-11-2024
rec e 9,51,0.129977272808059,7.69365273171046,16-11-2024
rec e 9,60,0.129175564591645,7.74140220065027,16-11-2024
rec e 9,61,0.130446058091286,7.66600397614314,16-11-2024
rec e 9,62,0.130164426016586,7.68259063250184,16-11-2024
rec e 9,71,0.130592323437766,7.65741793756011,16-11-2024
rec e 9,72,0.131198123050805,7.62206026082218,16-11-2024
rec e 9,73,0.130524896239839,7.66137364447704,16-11-2024
rec e 9,82,0.130634095465567,7.65496937408339,16-11-2024
rec e 9,83,0.130247412014205,7.67769573717855,16-11-2024
rec e 9,84,0.130217391511668,7.67946576406726,16-11-2024
